"scenario","DIRV_AM_ends_sum","DIRV_PM_ends_sum","DIRV_AM_starts_sum","DIRV_PM_starts_sum"
"base_2019",9465.78004,9217.83005,7681.28001,10234.06018
"tp1_bau_50",33403.36994,25991.16986,20307.44998,34851.0096
"tp1_c_50",35870.53975,30356.12052,24757.03971,38045.42042
"tp2_bau_50",33406.81013,26000.76997,20313.60995,34862.84045
"tp2_c_50",35875.52994,30372.40025,24767.19977,38048.76995
"tp3_bau_50",33411.4802,26007.97007,20317.84989,34864.7201
"tp3_c_50",35882.43987,30373.01971,24769.79024,38049.88055
